<?xml version="1.0" encoding="UTF-8"?>
<beans xmlns="http://www.springframework.org/schema/beans"
	xmlns:xsi="http://www.w3.org/2001/XMLSchema-instance"
	xmlns:context="http://www.springframework.org/schema/context"
	xmlns:mybatis-spring="http://mybatis.org/schema/mybatis-spring"
	xsi:schemaLocation="http://mybatis.org/schema/mybatis-spring http://mybatis.org/schema/mybatis-spring-1.2.xsd
		http://www.springframework.org/schema/beans https://www.springframework.org/schema/beans/spring-beans.xsd
 		http://www.springframework.org/schema/context http://www.springframework.org/schema/context/spring-context-4.3.xsd">
	
	<!-- Root Context: defines shared resources visible to all other web components -->
	<bean id="hikariConfig" class="com.zaxxer.hikari.HikariConfig">
		<property name="driverClassName" value="net.sf.log4jdbc.sql.jdbcapi.DriverSpy" />
<!-- 		<property name="jdbcUrl" value="jdbc:log4jdbc:oracle:thin:@192.168.1.100:1521:xe" /> -->
		<property name="jdbcUrl" value="jdbc:log4jdbc:oracle:thin:@192.168.10.100:1521:xe" />
		<property name="username" value="c##spn" />
		<property name="password" value="spn" />
	</bean>
	
	<bean id="dataSource" class="com.zaxxer.hikari.HikariDataSource">
		<constructor-arg ref="hikariConfig" />
	</bean>
	
	<bean id="sqlSessionFactory" class="org.mybatis.spring.SqlSessionFactoryBean">
		<property name="dataSource" ref="dataSource" />
		<property name="configLocation" value="classpath:mybatis/main.xml" />
		<property name="mapperLocations">
			<list>
				<value>classpath:mybatis/product.xml</value>
				<value>classpath:mybatis/user.xml</value>
				<value>classpath:mybatis/cart.xml</value>
				<value>classpath:mybatis/notice.xml</value>
				<value>classpath:mybatis/qna.xml</value>
				<value>classpath:mybatis/nonuser.xml</value>
				<value>classpath:mybatis/review.xml</value>
				<value>classpath:mybatis/order.xml</value>
				<value>classpath:mybatis/salesChart.xml</value>
				
				<!-- 새봄 추가 2/26 -->
				<value>classpath:mybatis/search.xml</value>
				<value>classpath:mybatis/statistics.xml</value>
			</list>
		</property> 
	</bean>
	
	<bean id="sqlSessionTemplate" class="org.mybatis.spring.SqlSessionTemplate">
		<constructor-arg ref="sqlSessionFactory" />
	</bean>
	
	<mybatis-spring:scan base-package="com.itbank.repository"/>
	<context:component-scan base-package="com.itbank.service"/>
</beans>
